No;Y_log;X1_log;X2_log;X3_log;X4_log;Y_ide;X1_ide;X2_ide;X3_ide;X4_ide
1;0.174428675;1;16.57409621;0.96441624;16.7095582;102.3430561;1;28.67326628;8.959019396;17.97020051
2;0.384996747;1;22.10469648;10.67606348;13.79845408;46.0352903;1;15.05453033;0.482652448;14.5375124
3;1.556607259;1;27.45506325;1.307884993;19.92624559;98.40063151;1;23.41889263;12.14748033;14.63654584
4;0.60580239;1;23.56054857;6.316211612;14.41438372;61.40508406;1;20.03086037;2.353720026;17.35890775
5;0.576315419;1;22.9673382;5.874374046;16.68727295;94.19441914;1;26.68013488;8.982335022;17.36058427
6;0.028240821;1;8.012399536;5.695237712;19.38687757;55.73001329;1;19.68936838;2.001594248;10.03379968
7;0.011854753;1;5.624652877;11.71190986;13.84861833;65.61269038;1;6.133082074;14.00976883;19.30493301
8;0.009922263;1;2.762798723;6.875581678;19.62411814;117.6339267;1;29.59368297;14.1591059;15.64803411
9;0.294467382;1;19.85737711;7.963049702;13.95365164;70.26152137;1;21.62798659;5.668146545;10.90589082
10;0.124922554;1;15.36053239;5.45118665;13.04036853;50.31245459;1;7.074095488;7.744877989;10.57932359
11;0.006706368;1;2.00377502;13.62232293;19.92170263;35.52868272;1;2.598788159;9.47581795;10.91713126
12;0.156243559;1;18.26252691;14.379229;14.47747152;41.15776438;1;6.520839811;7.775562338;10.45479032
13;0.885474279;1;24.74073691;3.097015175;15.22945326;104.3157901;1;28.68726732;10.82895827;16.11260544
14;0.020676114;1;6.608257606;7.837192401;19.32609614;67.72944238;1;6.274784391;14.5210942;19.83200138
15;0.310184093;1;19.65159201;3.046607446;18.62654415;95.0397542;1;26.21205776;9.203707636;16.96532188
16;0.1115589;1;15.23038802;8.178766383;12.64825581;32.17382921;1;7.041576107;1.807570544;12.16300696
17;0.012352885;1;3.094639652;1.856029445;18.54649459;39.96689397;1;1.626166475;6.705556484;17.93215243
18;0.225922039;1;19.80456618;13.92774311;10.94932172;92.81446602;1;28.20246463;7.441262067;18.47538549
19;0.077454756;1;13.25622614;5.468020826;11.59298044;56.58334576;1;2.466300828;12.21376389;18.23982353
20;0.044782418;1;12.68538518;13.77741038;10.59957383;67.0087547;1;24.62564293;0.611902631;18.76188454
21;0.74727209;1;23.46740071;1.190399317;14.5927861;47.19296109;1;9.391181949;4.462691654;16.92011679
22;0.365355136;1;21.46882785;8.796326739;18.16225933;44.34742599;1;4.837925916;6.040339067;18.56836658
23;0.218082712;1;18.82464687;10.65505881;18.55824396;90.16403287;1;29.53678875;4.961781912;19.33340399
24;0.006218241;1;0.799756881;7.837677364;10.75233335;65.64384652;1;14.66967848;6.702072039;18.37374858
25;0.060220474;1;11.19419158;0.825035322;12.740498;47.19244493;1;8.135311338;4.811527437;19.80398627
26;0.01058483;1;3.528792949;11.01556784;12.17263058;62.47898078;1;19.05263199;3.513627868;10.85093763
27;0.139697759;1;16.4304246;7.427633072;14.16016556;103.7501704;1;28.32687569;10.97095919;14.72190068
28;0.829807423;1;24.60186171;3.603577892;13.31634057;81.08823152;1;25.39030454;4.67570544;14.39845199
29;0.631776984;1;24.83332313;14.54486067;19.3255041;99.1198625;1;20.81618414;12.36220379;11.39162075
30;0.016112963;1;4.916344313;0.05014974;14.08815282;55.03163071;1;18.52918567;0.550451983;16.05843444
31;0.026738609;1;7.186675135;2.566798705;11.75949237;20.76154499;1;3.178394814;0.347307919;19.60934554
32;0.665284646;1;24.53229813;11.56900446;12.84990597;32.75894562;1;2.748862356;5.333239512;12.03723286
33;0.011913708;1;3.695932324;5.258022964;18.61065628;55.78913052;1;10.23778062;7.827016806;14.16247654
34;2.395774533;1;29.82314344;2.800303954;11.16125773;49.05963425;1;9.08412118;5.537453305;14.45645462
35;0.041686109;1;10.98077944;12.49856017;17.79569951;55.98798021;1;9.465606187;7.030624906;16.28966428
36;0.026067784;1;7.651867352;1.395660129;11.26658213;67.41135242;1;15.92204676;8.100336181;12.43083487
37;0.210066952;1;18.79987042;9.407532649;15.96499453;60.58815788;1;5.250053045;12.66409317;18.43815764
38;0.010059698;1;3.327930418;14.83096581;12.05181491;38.59835427;1;0.981028306;5.982345454;14.95316307
39;0.026703995;1;6.983969256;0.191942226;18.88868956;80.83009153;1;25.71568309;3.432076285;15.27547198
40;0.553699477;1;22.26366648;2.762438476;12.81820361;53.23028091;1;0.204219762;13.40745554;13.44142964
41;0.012534611;1;6.116476119;14.68942908;13.5816743;88.62612249;1;13.90745098;13.06170599;10.09589205
42;1.394061231;1;28.48807883;11.01925862;13.51224822;75.88190508;1;15.60547246;10.77980627;12.79361653
43;0.017362424;1;5.329558637;2.837856731;12.94020457;81.16931046;1;22.2755277;6.639861848;17.77885021
44;1.206620643;1;26.240255;2.659200052;10.72966945;109.862775;1;27.99408234;13.14822284;19.60993129
45;2.024329187;1;29.34160804;5.441451055;18.3047362;57.23271462;1;10.72962988;7.318648525;10.40121997
46;0.068294629;1;13.28046681;7.374739613;14.00654921;84.99547843;1;19.52725989;10.93343397;13.40623122
47;0.411747822;1;20.59784074;0.953217493;14.1179047;38.99352838;1;1.803598953;7.749882066;17.384895
48;0.032844209;1;8.82108436;9.481362056;16.75784269;66.29125011;1;12.04120382;6.853326716;12.40815825
49;0.62351002;1;23.19502577;3.960733402;16.78509965;70.70378086;1;16.03668971;8.295025084;16.53036216
50;0.818092218;1;25.06253192;7.515850769;16.97554092;50.15207461;1;15.19297948;2.175445715;16.80661641
51;0.044361989;1;11.96222124;14.09687831;12.87535779;99.36435689;1;24.64928804;10.94990838;17.18172162
52;0.017722989;1;5.248620424;3.666157101;13.93454918;48.4571786;1;1.545801605;9.074780743;17.63934705
53;0.623134138;1;23.93722307;10.31683409;11.69323735;83.58578998;1;13.88084351;13.13119504;16.68604035
54;0.399665984;1;20.7184846;1.979086313;15.17354818;89.34700676;1;15.59418981;14.17051093;15.99246423
55;0.194742457;1;17.26281227;4.416849967;13.38067885;55.39850985;1;3.822793085;12.04490005;13.8739781
56;0.263472051;1;20.05833595;11.67365499;14.99659336;87.67077757;1;24.98878711;7.492528316;18.36744855
57;0.021406494;1;6.931508719;8.755966168;17.88446916;82.16726877;1;27.58702636;6.021258426;10.8577785
58;0.015114315;1;4.474517021;0.905393249;17.29373339;101.5473432;1;27.64738816;9.405376995;16.53803863
59;0.854769878;1;25.09206064;4.776584089;18.53180356;109.9353441;1;24.42463987;12.44276099;14.68648943
60;0.262893904;1;19.04619804;4.961125249;10.95444114;64.60952111;1;24.0704144;2.265511943;12.25365458
61;0.070347519;1;13.12196593;8.265491221;18.30648442;74.46956331;1;22.91196745;5.487871561;11.87426574
62;0.693183952;1;24.82012152;11.7858332;17.85744952;93.86645735;1;19.82094684;13.0799358;12.40443038
63;0.061615283;1;12.28040564;9.630555734;19.12158634;69.06466839;1;21.73644238;5.715769522;10.06436593
64;0.623346361;1;22.70184313;0.725038711;17.10950525;83.53421186;1;26.43179766;4.153106301;11.52958418
65;0.079116975;1;13.75340216;9.789870976;17.22803502;45.53941187;1;8.534958763;4.326132989;19.49961256
66;0.020876236;1;7.350139318;13.19693042;17.71607826;35.82777669;1;6.313007658;3.448189299;12.57212127
67;0.010210271;1;3.288579583;3.063720795;13.01645185;30.9962128;1;0.957662633;4.967936858;16.31388547
68;0.362337235;1;21.25655469;8.199049799;17.49594916;92.18724228;1;21.51966157;11.45111762;18.88354291
69;0.472626189;1;23.12019547;12.52742171;19.57227658;97.27913415;1;29.62297022;6.820188656;13.66829649
70;0.318641924;1;21.25780188;13.47917679;19.56052965;48.94365696;1;16.73228411;0.214367502;17.5309654
71;0.026442681;1;8.619093862;14.01242327;14.98307516;62.26171301;1;4.696941103;12.63080035;19.27681891
72;0.029396166;1;7.141343427;3.763227265;10.16667398;59.10964346;1;16.26725113;3.657849423;17.85628489
73;0.835247378;1;24.60327207;1.615832738;10.81728139;31.08912535;1;7.059210199;2.278272231;12.18491488
74;0.261042855;1;19.07403891;6.382906626;10.17875557;43.37917602;1;11.10580903;2.232008383;13.47990754
75;0.171184269;1;18.31637927;13.39186743;19.74640782;67.27448795;1;25.13465183;0.202701094;11.99144597
76;0.157039278;1;15.52475649;0.634550684;10.21520424;41.01234014;1;1.895217032;9.911068515;11.75744951
77;0.033852988;1;9.742692858;11.8562786;11.48569199;50.73277856;1;14.66386798;3.097418941;14.05869013
78;0.109208958;1;14.99722662;6.943710867;17.85253243;72.23642172;1;24.23601895;2.893902375;17.25212699
79;0.329543767;1;21.02746698;9.585891879;14.98306792;54.4426682;1;0.931134685;12.49716861;13.29149199
80;0.03570816;1;10.61579305;14.66264088;16.62189128;49.03277478;1;6.759655718;6.766829712;15.92608888
81;1.125254083;1;27.11373246;9.105232847;11.7481625;56.18555042;1;18.32896377;1.638948574;16.8705648
82;1.251589624;1;27.47802438;9.486074753;19.13400453;36.61431402;1;5.334319586;4.117731565;10.03966996
83;1.353275036;1;27.03509643;3.745204137;18.02140582;56.97444631;1;0.125496795;13.72081129;18.81650343
84;0.027413081;1;7.61616451;4.601646663;16.62430419;78.18090318;1;15.47572198;10.2768589;17.89133593
85;0.172715365;1;17.01071877;3.844001375;11.48833681;82.40314131;1;16.07132975;11.27080873;18.67757706
86;1.230112852;1;27.45962037;8.990975786;18.03439894;56.64778388;1;5.105162719;11.28663166;10.45303714
87;0.286467285;1;20.68537298;13.28038159;13.74076752;84.74286642;1;20.02879695;10.62377285;18.26538174
88;2.452333176;1;29.8599264;2.173158189;19.25744178;66.55875343;1;10.35630976;9.733553112;13.16360673
89;0.009688765;1;3.50558589;14.42636118;15.56526757;105.4813268;1;27.18793737;11.84171398;14.24680293
90;0.17145719;1;17.2348251;7.238334725;17.27153168;52.42605675;1;5.204826342;9.257339247;18.05977554
91;0.042380851;1;9.95407643;4.992116885;19.29613625;64.40339704;1;15.59037846;7.314942672;17.99669699
92;0.008807395;1;2.574074536;4.31615369;15.57303027;43.65648408;1;6.418638141;5.609095307;19.32610125
93;0.019448638;1;5.811597726;3.568430082;19.0822131;86.31734923;1;20.52063931;9.983603951;17.58010627
94;0.021495718;1;6.410817301;5.875236201;13.27986115;96.05945571;1;19.95798185;13.03386333;12.86434155
95;0.007138266;1;2.57482202;13.75452966;19.29620288;67.15056648;1;24.77621129;0.92035561;11.14075036
96;1.754627112;1;28.08802796;1.474037692;19.95992675;98.95672756;1;24.24741969;11.11091269;18.0724797
97;0.527278721;1;22.86075414;5.235799231;10.18224915;77.36644582;1;11.67491089;14.72776694;16.18742659
98;0.062347535;1;13.05088971;8.175253063;10.57126181;58.16783098;1;13.41891964;5.760037248;19.29254323
99;0.026375017;1;8.034957731;6.169345159;15.16379543;58.86505052;1;10.55802842;5.87189413;15.9930443
100;2.165894902;1;29.67045532;4.268428496;10.91199777;42.64831759;1;2.74130512;5.595027505;10.95720692
101;0.204838446;1;17.69967891;4.227645581;14.6983194;63.5274922;1;20.41876306;2.84372304;17.25715679
102;0.052551315;1;12.49761514;12.12366277;11.16179764;42.28686706;1;3.571910388;6.28238946;17.58907249
103;0.559117215;1;24.2418204;14.22290791;15.9800229;110.1234934;1;25.12780179;14.86931358;10.01322631
104;0.1013514;1;14.62249974;7.344849586;11.73118286;93.34242583;1;22.78389169;10.38359868;17.55323979
105;0.219684667;1;17.73443267;4.141888975;13.98721616;63.46358519;1;9.59837276;9.477775397;16.26835882
106;0.011233373;1;2.921134201;2.571645045;15.95714255;47.03990847;1;4.005037565;9.888795975;10.81055436
107;2.445404084;1;29.56905965;1.651049978;10.53370798;116.776746;1;28.73871187;14.85738082;19.1459905
108;0.167808144;1;17.61625535;9.205976282;15.02073708;56.34074523;1;8.963913289;7.349044204;19.26750637
109;1.372790202;1;26.49111619;2.085530857;13.46430385;84.46625824;1;27.36088849;4.517084803;14.16101314
110;0.022584631;1;6.865734053;8.684559135;10.24813145;79.99964906;1;13.16756182;13.64354447;11.04732123
111;0.08659312;1;14.93946076;12.58233857;14.70382939;26.33123214;1;3.003245979;0.866615628;16.69991421
112;0.048864202;1;10.48993837;5.092528687;15.17948267;95.52064351;1;18.66251266;14.82586022;18.75479446
113;1.439350812;1;26.81196804;1.609768724;15.18549769;48.90509992;1;6.445942665;5.124597691;12.66797129
114;0.202904256;1;17.33415544;3.190597845;16.7012017;109.8312354;1;24.92355543;13.2276444;11.05409117
115;0.37916431;1;21.02677285;5.557443107;11.07703152;50.46826092;1;6.145686605;8.714592105;17.7503153
116;0.362622667;1;21.17854996;7.266596424;15.32676102;39.6788508;1;1.287886449;9.169934766;10.97929836
117;0.029068298;1;8.483578542;8.245168399;18.49385654;88.29423086;1;22.26273846;12.01813633;11.03108853
118;0.092938306;1;13.61581236;5.279880501;13.21966124;53.66072598;1;1.90262866;9.297461713;15.41982866
119;0.020460699;1;5.981128339;5.739343433;14.99196619;65.26174706;1;6.170409329;12.88466447;16.598931
120;1.045798755;1;27.06494302;11.92989031;19.25244304;52.62231993;1;1.975813934;13.61874167;18.73941779
121;0.474068908;1;22.56093269;9.25357849;16.69355751;110.6952054;1;28.95355937;13.40173159;12.68884258
122;0.014592745;1;5.896934713;13.03894527;17.57439276;61.20254588;1;2.69873942;12.60407027;15.55656824
123;0.664921576;1;24.96307806;12.80548774;13.13733226;45.37514534;1;4.924578904;7.851327664;12.14838566
124;0.301364758;1;20.05743149;5.656313907;15.83439411;80.70561269;1;19.27260074;5.864195597;10.52442198
125;0.074703347;1;13.07866808;5.899510245;14.06533458;95.70872184;1;29.35885406;6.472338249;12.6337011
126;0.032343918;1;8.063478239;1.427762762;11.93697051;47.58418181;1;10.92940784;2.814505947;18.25637306
127;0.008260411;1;2.291260266;9.881914855;16.94134699;75.71009683;1;9.983304546;14.35726609;16.20204743
128;0.06876167;1;11.32907583;0.093381257;12.06175973;45.15302398;1;5.073930994;7.194264889;10.45117251
129;0.037386681;1;8.718726451;6.831059834;11.91991877;56.73898126;1;7.328582397;7.986992074;13.67565146
130;1.253793531;1;27.92933025;12.94885351;14.8988181;56.57317162;1;10.84074362;7.971806199;13.51805229
131;0.016729066;1;5.44741625;5.881886333;17.47482921;46.50327314;1;6.257141086;6.389491281;10.85054836
132;0.408294404;1;21.35712563;6.024787867;15.85112721;92.04573929;1;22.72171181;10.77782434;14.6359729
133;0.040019163;1;9.187311621;1.766680107;17.57292216;94.13982231;1;19.91576889;12.3199707;17.40815933
134;0.058974181;1;10.58950413;0.815505824;11.43326181;78.86152842;1;26.62349284;3.781424419;12.68311693
135;0.011215865;1;4.330892097;10.29485062;12.27758708;80.26859277;1;26.04359269;4.081664648;19.890353
136;0.063234335;1;11.09268257;0.461896526;16.75010658;30.76640849;1;4.446512817;1.450419507;14.46226932
137;0.018500161;1;6.915075774;12.0095377;16.0954729;50.58296507;1;1.583909579;12.76117673;10.15020052
138;0.017302214;1;7.626172935;14.66497178;13.23380976;79.59607352;1;25.76980874;3.987188253;19.82264715
139;0.176994237;1;17.01421516;4.53948247;17.49060622;96.64667112;1;28.56005135;8.561014311;14.46543035
140;1.055215063;1;25.47508455;1.348022239;19.21169668;51.32034226;1;13.90662627;2.31045276;12.03835707
141;0.047767481;1;11.66576284;10.58081906;14.83902972;64.1709318;1;2.342883779;14.97487459;17.82726971
142;0.010225869;1;2.163350678;7.964635156;10.98936162;72.33500915;1;5.969060089;14.82952111;18.57614141
143;1.639713354;1;28.86161762;9.000324842;16.89951494;59.55451596;1;0.939909029;14.24490978;13.51606894
144;0.025840389;1;7.656299723;4.97428382;18.8726399;97.31183655;1;29.64437692;7.633683295;16.92793702
145;0.728109103;1;23.99789338;3.595565638;19.23202371;45.25943029;1;13.54309603;1.73774431;17.08915533
146;0.02604533;1;8.014376813;9.142927397;19.80062063;44.81598582;1;0.95049721;8.391452841;19.41371937
147;0.017652914;1;4.769730619;0.283588422;13.30823784;82.11888846;1;29.45461888;3.90501505;13.02797212
148;0.102682798;1;15.04242623;14.22108738;10.70647304;18.12730201;1;0.068705978;0.887827228;18.47278632
149;0.013394357;1;5.476793479;10.29618418;10.94149102;73.59826947;1;27.22807631;2.397197387;12.32072964
150;0.023340186;1;6.177485548;5.178760736;14.22190098;85.83217157;1;20.21748295;9.586877563;18.60379443
151;0.726087084;1;23.76526655;1.932786786;18.08684942;81.0081527;1;27.62982167;4.152861829;17.16928995
152;0.010597976;1;1.918792238;3.047904088;10.94676276;80.35487858;1;27.68092107;2.85606601;16.68907695
153;0.014197939;1;5.917863124;14.64707757;17.53702563;77.22370376;1;10.3449803;13.03191438;19.11311169
154;0.484016634;1;22.75856746;9.404535326;16.60383853;75.62464291;1;28.83334633;0.641448278;10.35117625
155;1.412135267;1;27.47090169;7.594381295;12.10509994;22.76260009;1;1.899190494;1.05549123;13.08849493
156;0.031479284;1;8.553395807;4.026786232;14.7314204;72.50545244;1;12.12651627;11.65963065;12.17270826
157;0.007099644;1;0.877401552;4.350827539;10.50319521;56.81957081;1;17.44064512;2.139829426;19.66833737
158;0.278334418;1;19.81539655;8.133742515;18.81787639;41.37749269;1;6.2983023;4.089692485;18.58309051
159;0.008232487;1;3.215195853;13.0723697;13.16210371;54.21527018;1;1.40747204;13.24117169;12.85508265
160;0.52247363;1;22.54955967;5.227577799;17.60438499;103.9034589;1;27.83394944;12.72129636;11.408331
161;0.012445871;1;4.423508481;9.52776116;19.08056524;67.45547277;1;17.61040997;6.138411008;17.7159782
162;0.588688487;1;23.95777873;11.24579135;13.80594426;110.4620712;1;29.64005215;11.19373283;15.83181172
163;0.304191331;1;21.14210101;12.09441663;13.54146543;75.94951817;1;21.95409867;5.015988647;19.17866514
164;0.020441696;1;7.679385657;13.28290664;11.59640124;91.94024045;1;21.32220527;11.73347945;11.52948035
165;0.177232974;1;17.99521586;10.52433535;15.95718942;84.73490676;1;15.41309782;12.91062288;14.95113373
166;0.009964959;1;2.226731039;2.309556669;18.03335173;80.27185446;1;16.72640359;10.62801591;18.12490431
167;0.03553875;1;8.369020284;0.39593339;19.47538672;39.59405226;1;10.80826386;0.049314609;13.47806651
168;0.012486687;1;5.15566312;12.27516229;18.59197112;78.42655821;1;13.61031657;10.34132666;12.25263602
169;0.048088673;1;10.1735829;1.873959533;18.38395337;36.22568996;1;12.70522257;0.927036734;11.90496052
170;1.054032269;1;25.31324364;2.686520785;10.78450258;35.60237744;1;4.84319411;3.196786141;11.12248747
171;0.021208247;1;6.774840248;9.484259051;15.82282517;60.17434285;1;1.034209547;13.72359807;14.5595351
172;1.404355018;1;28.56856427;13.76565165;12.40116949;63.62536429;1;17.14888362;5.097836216;15.77921793
173;0.020265865;1;7.384110256;11.1355479;16.11832728;75.1870591;1;28.69398478;0.754583704;12.36371576
174;1.72844667;1;28.09196743;3.344438758;18.93076523;66.68735088;1;15.52416399;7.58897335;15.56253407
175;0.767740708;1;24.78393136;6.625857343;11.18767821;102.4591226;1;21.32120461;14.61499222;17.67598615
176;0.06907443;1;12.75723344;8.67069362;11.45872112;85.55034005;1;23.85285787;8.37468169;13.86470869
177;1.146596369;1;25.7457349;2.65833148;12.78637799;83.6109844;1;24.19037225;5.802489255;15.16521841
178;1.272018048;1;27.35480576;9.669618389;10.02891784;99.4578249;1;27.52260576;11.30227728;10.84429147
179;0.017520061;1;4.587653568;1.208053452;11.10693999;79.67510067;1;24.82665689;5.726507596;12.14155202
180;2.261427013;1;29.84461029;5.594154387;11.31279894;69.42715583;1;7.273043047;8.98785133;10.54194906
181;0.005564247;1;0.122959586;8.906716352;15.49064419;54.05653449;1;1.78958212;13.07851399;19.94878683
182;0.007977646;1;2.159616421;13.73637836;10.3280463;31.0648586;1;5.060891958;2.435416613;10.04591392
183;0.834794468;1;24.84613981;4.766185022;19.88938176;51.95233496;1;2.571758491;10.63593404;12.98527999
184;0.094276329;1;14.75224397;8.160860706;16.26220936;49.32013907;1;14.8726485;0.743621861;10.79258084
185;0.011422272;1;3.128180432;2.135981927;17.66234761;73.20796005;1;19.90843348;6.118295701;10.62572008
186;0.646869472;1;23.21030673;2.796919855;16.91312901;79.73278056;1;19.34036493;8.881286531;12.55790079
187;1.533038988;1;28.58594652;10.0524417;14.83426893;69.16569555;1;23.2334429;2.570432578;17.0774521
188;0.05388514;1;11.9348413;11.25060494;18.95885585;35.25425154;1;8.645065455;0.474248029;14.21557584
189;0.030296972;1;9.315926952;11.28251558;12.35362818;84.96832689;1;19.51070583;11.14429605;12.55850618
190;0.176238243;1;16.46873916;0.196780949;18.87708878;22.28815881;1;2.024884382;0.867973074;18.58707157
191;0.153836457;1;17.40757279;11.83450154;17.91111131;102.7260312;1;28.57682083;9.955436621;18.18209486
192;0.715939772;1;23.27657605;0.321366655;11.33572503;55.40525521;1;13.26114253;5.432049074;16.58356548
193;0.015268257;1;4.74400915;5.541153483;16.00515195;93.79648526;1;16.1571849;13.95510083;11.33364465
194;0.007256175;1;2.86224823;14.06632419;18.4227433;51.03343638;1;7.596648317;6.080071939;11.14917002
195;0.01204921;1;3.606963996;4.168526932;14.32962907;53.45571713;1;15.4991396;1.268030265;11.84058311
196;0.120003967;1;14.76233447;1.626643996;18.68069297;63.90831037;1;11.24741897;7.660231346;18.95799708
197;0.488602358;1;23.07614888;10.81106719;19.71539875;55.17570646;1;13.77470301;4.323251654;12.12131012
198;1.186473971;1;26.96744631;7.196635396;19.55670354;77.15133583;1;23.37620813;6.339414837;16.93088398
199;0.134246547;1;16.17459655;9.685388936;15.63693521;82.34084275;1;19.87142972;11.7016714;10.04807806
200;0.1175204;1;14.28143358;1.016797802;12.96081129;48.70068865;1;14.5093499;1.205746484;16.60716967
201;0.010262164;1;3.879253557;14.67942511;11.12997828;94.71366564;1;29.78889696;7.489139998;16.54301391
202;0.039338138;1;10.70617625;13.35372835;17.9963657;46.44056106;1;6.302018759;7.104298328;18.35399679
203;0.128024725;1;16.63600439;13.46225162;12.75878974;56.55651908;1;12.01141085;5.616297472;16.6902735
204;0.357611824;1;20.73506393;5.193346798;14.7876067;71.12865891;1;23.06436831;3.952912751;12.24775587
205;0.005290341;1;0.778591137;13.55835454;14.52274553;68.67238936;1;24.44816341;1.165278079;18.39788397
206;0.213435385;1;18.4202312;7.141743104;19.55995573;43.70714722;1;12.54301044;0.18820534;14.46249667
207;0.062381193;1;12.30739413;8.574371237;19.26838055;69.2234392;1;9.212170942;11.46880721;19.70114161
208;0.007886128;1;4.089823512;14.43107834;11.36280412;66.5583524;1;19.54557257;4.581245205;11.03409512
209;0.76183516;1;24.70110971;9.203314672;10.61195764;38.74405906;1;1.254823054;5.592336747;19.16763153
210;1.526384041;1;28.83283328;11.19827171;18.40585292;86.74176491;1;26.25173144;7.529348892;14.81591586
211;0.14330618;1;15.83659664;3.62781259;16.36852946;44.93498996;1;7.937704353;2.773169921;13.1449797
212;0.016690389;1;5.546735558;8.257676909;13.73610751;43.35810419;1;12.12822319;3.745450244;10.31691996
213;0.043920572;1;11.50590972;14.38904048;19.83181403;96.54139082;1;20.14097295;12.65522921;16.93980914
214;0.018730472;1;6.893123116;11.85921575;16.69363502;53.93212193;1;14.10369999;5.434502573;10.82229001
215;0.012224604;1;3.708382461;5.982122828;17.13375832;93.94519155;1;22.04017881;12.35078127;18.54561188
216;0.84553719;1;26.00030215;12.3381435;13.78317726;83.16863552;1;17.68067115;10.28188452;15.36940271
217;0.005028211;1;0.324286125;12.35471061;17.61734962;66.35087368;1;18.70682571;6.24994774;11.56840101
218;0.011409925;1;4.865246778;14.69524305;19.49308255;33.95631673;1;1.916660944;4.990269915;18.33385737
219;1.401123314;1;27.0978112;2.40586357;19.04932175;60.47184044;1;7.546754493;10.43230272;14.24367986
220;0.038123988;1;9.88791598;8.332356932;13.79072848;82.62004149;1;13.74777957;13.49730361;19.09164142
221;0.509611019;1;21.93801169;3.03510882;11.32788383;72.73835723;1;17.94684364;8.060169172;14.57170149
222;0.007476267;1;0.567655046;2.810520624;15.19317981;70.01861929;1;8.599941465;12.8772632;18.19114265
223;1.005021857;1;25.73767947;4.852694903;15.68761767;43.49984839;1;3.974911412;5.694005642;18.6730304
224;0.010233191;1;1.019882164;1.131454526;10.61611875;57.96125333;1;15.88015219;2.91569781;19.46915702
225;0.47585811;1;23.06527589;12.4927351;15.94833173;102.7015225;1;21.60153039;14.70255335;19.75986271
226;0.556639722;1;23.15947933;7.897895111;12.9747947;85.47477641;1;21.88665053;9.262668039;15.95804651
227;0.012816011;1;5.100893956;13.32708998;14.55620353;70.09926967;1;15.70311938;8.50169246;16.82018581
228;0.044166989;1;10.09589631;6.465664809;15.13618332;30.48141088;1;6.343089861;1.169391411;19.85225758
229;0.145833364;1;16.29410752;5.090372869;12.3050376;32.79663278;1;7.346228838;1.396106092;17.9362864
230;1.839023175;1;29.67565939;11.4207918;10.68133544;53.45578695;1;13.83435493;2.931737364;15.90095018
231;0.491418951;1;22.77228177;9.044779785;16.46046806;66.56007354;1;21.95261731;2.495417028;17.6632383
232;0.326366138;1;20.18831603;7.757572189;13.30440132;69.13003616;1;7.967267109;12.21022223;13.17777484
233;0.162663312;1;17.46944851;8.73922186;15.92530594;68.42529278;1;12.38116552;9.280573481;19.36726062
234;0.056414895;1;11.8057377;7.881023074;15.96526517;102.1404018;1;28.07748124;11.37044272;10.12346497
235;0.195354785;1;18.64863204;11.44043194;13.70084015;124.8175901;1;29.32658334;14.13076809;12.25347133
236;0.099411504;1;14.51281119;5.134743563;11.56487704;53.0160354;1;12.57948214;4.7676808;12.86586932
237;0.025220252;1;7.936076056;9.542038939;15.1711547;84.3384422;1;24.32222848;5.823740163;15.3526168
238;0.361999471;1;20.20730173;0.878521859;14.80330198;108.089829;1;22.4432681;14.46323603;12.05315688
239;0.107052086;1;14.03896422;3.405411813;10.59497196;54.18577934;1;6.416952366;8.903358278;13.97445465
240;0.031142769;1;8.497129404;6.234217517;17.84421322;104.08873;1;29.51567295;10.26481664;13.84805518
241;0.57489211;1;23.25794138;6.446577588;18.15682338;92.8261363;1;27.84646916;6.915264011;19.03214237
242;0.060144654;1;12.66152157;11.27457242;14.097445;68.38860111;1;12.76184978;9.391010734;11.87275217
243;0.012700621;1;4.683146488;13.17299679;16.14965174;51.82303184;1;1.675138709;14.06181884;12.20901604
244;0.294872472;1;21.11101761;12.14066793;10.87924143;46.45334594;1;7.079097535;7.377720141;11.99410133
245;1.648611271;1;29.33926449;12.40745149;18.83442771;40.94648699;1;10.16400979;1.807843217;17.69373856
246;0.269065716;1;20.62485367;14.74719068;11.59371654;32.10168124;1;1.835931698;4.577724044;13.26992373
247;0.728402329;1;25.04975264;10.76231715;11.65025294;43.5896955;1;6.940319056;5.582347299;17.4482011
248;0.075385975;1;12.48727747;5.262320568;13.51491926;61.23705805;1;19.41277865;2.771051838;18.84221857
249;0.021375857;1;7.852188363;12.73961666;18.81967485;28.15750366;1;3.612888961;4.124984866;11.15682797
250;0.03469776;1;9.044873519;7.517239287;11.32870641;100.2588636;1;27.39160895;10.19428621;16.58642285
251;0.005474115;1;0.031059834;6.972007892;11.20682057;98.92276923;1;28.59990426;8.941850318;14.75671255
252;0.095508275;1;14.80548826;9.80577006;16.6099101;72.70278917;1;25.9078752;0.797337159;12.59414516
253;0.312797839;1;21.3384485;13.9543235;19.17714504;92.02751849;1;25.97105798;8.130483617;14.92230799
254;0.025249036;1;8.173332231;10.58643903;16.84043599;84.7571177;1;21.40253426;9.185212716;19.83912777
255;0.007185104;1;1.380869912;7.524610113;19.1033216;27.19441714;1;4.959610747;1.229002612;12.58198682
256;0.012227707;1;4.89901667;14.97652677;14.24642966;56.18925522;1;14.01698798;3.514310515;15.84579009
257;0.020543646;1;7.870687544;13.78258582;12.06291154;93.73100518;1;14.02595775;14.90802421;13.57231056
258;1.830361906;1;29.23649165;8.941415541;13.5532712;92.11113474;1;27.61014316;7.289311518;19.07273879
259;2.10580207;1;29.96383601;7.410688897;15.35228432;77.52091109;1;28.23270689;2.844757971;13.18828302
260;0.527211626;1;23.90352695;14.6723254;18.08145565;87.60435155;1;23.01973897;9.801780931;18.65481241
261;0.085541914;1;12.75937443;1.370720977;19.45874283;51.11294794;1;1.783266419;11.09726398;17.99594955
262;0.060250552;1;10.85446145;0.213321081;19.18797994;99.94683267;1;25.91601977;10.44765687;11.93466944
263;0.028440478;1;9.50386917;12.92250281;14.83311656;70.02103694;1;22.41365632;4.048593335;16.998864
264;0.470204127;1;22.61382536;8.783234905;19.76577057;57.77426507;1;3.289750738;13.96685542;14.26902123
265;0.012777104;1;4.929409032;11.01361332;16.39248197;62.26836977;1;18.66234631;2.856131913;17.37974378
266;0.054573393;1;12.38694315;12.50046084;15.40749791;74.51396657;1;16.95271661;10.32984135;12.03727803
267;0.675934092;1;24.06028685;6.241059332;19.90838245;87.31445007;1;29.00930148;4.346623952;10.86988663
268;0.044163308;1;9.595839994;0.243689977;11.68032995;76.61169273;1;13.41861125;13.61567781;14.56987065
269;0.078418676;1;14.25606802;12.36751673;13.85698181;68.33539418;1;21.1776174;3.987420453;17.52174333
270;2.394021322;1;29.89720741;3.685966199;16.94125055;67.56534633;1;18.04869613;4.718971686;12.81381721
271;0.005861092;1;1.411327876;14.37888787;19.67171941;56.11878644;1;20.80652903;0.171894652;19.15877554
272;2.154057651;1;28.92264901;1.189873478;16.46933673;46.59838361;1;0.772672368;9.419989114;13.00676041
273;0.012925798;1;5.123322371;10.18005436;16.95603468;25.42933256;1;3.138455255;0.942071958;17.26297375
274;0.074493634;1;13.64181843;10.66855464;18.78273168;29.7147014;1;1.036539304;5.248757608;16.22261776
275;0.161383392;1;17.61652834;11.19541166;18.2270624;43.23807505;1;6.964254726;5.142380011;17.06506296
276;1.810889841;1;29.5836985;10.23159307;15.97517023;44.65659588;1;7.403679632;5.247803538;16.06121695
277;0.028549001;1;8.688691158;7.138257927;15.25276874;63.22680271;1;24.16982722;0.390747136;15.89659135
278;1.067005923;1;25.88987145;3.527291272;19.18862409;60.7573827;1;17.58114745;2.378678885;10.50676614
279;0.057501657;1;11.09707639;2.915144633;12.17387059;74.90099392;1;25.53582267;3.311256274;10.18351501
280;0.854168107;1;25.95931037;11.19649148;16.8978272;63.78058471;1;22.43993127;1.068215682;19.3946115
281;1.899956232;1;29.00028874;4.417797992;14.92283911;76.06077385;1;20.89864672;6.435614191;12.26550966
282;0.492003044;1;23.12249984;10.96573345;14.47052761;66.16728501;1;4.497503035;14.29239642;15.09994419
283;0.03161221;1;7.355196727;1.238138516;14.6186068;48.61992658;1;12.3119176;2.954228874;14.27557513
284;0.243122201;1;18.72114272;5.662329375;10.78707301;70.74462669;1;3.671362759;12.83201407;14.50670036
285;0.166230043;1;17.59196996;10.59729618;14.20659967;92.73676312;1;24.18163831;11.06921182;10.13531154
286;0.531508063;1;22.04906198;0.930584057;12.67379125;60.2310852;1;19.51329131;2.483728782;15.52726104
287;1.202200145;1;26.77858895;5.37023666;11.22337585;67.71359775;1;24.72820768;1.645953732;17.56386279
288;0.258065877;1;18.61552325;3.156106579;16.15512806;72.07583171;1;10.81617949;10.51975747;17.41336863
289;0.01147733;1;4.976057257;14.5918778;16.1828451;49.40221481;1;14.98848813;1.418413367;10.30130737
290;0.22234265;1;19.1081526;9.331196639;11.3846393;61.83052695;1;7.53806751;10.40653191;16.12332146
291;0.064355796;1;11.99376319;1.935345114;13.96616999;68.53734244;1;12.91426499;11.3409602;14.92762576
292;1.869917457;1;29.80269608;10.05227797;13.09834433;62.11998016;1;22.34129801;0.045668122;14.07939421
293;0.578398049;1;23.25557709;7.610328645;10.26920874;36.01963475;1;9.998297305;0.34527441;15.76679545
294;0.14531975;1;15.34564131;0.764253654;18.74423308;62.09551382;1;4.575870701;13.96288419;18.05528918
295;0.052826893;1;10.82016852;4.395242238;15.743982;35.66838182;1;2.732953944;4.372262318;18.07150507
296;0.873209845;1;24.40444073;2.058483259;11.10378476;72.12854821;1;22.47225607;3.910140741;15.58013519
297;0.006687025;1;1.010118595;1.170100851;12.86860122;84.86828835;1;20.0862797;10.98376521;16.73748079
298;0.142427589;1;17.19899292;12.16453078;18.57436017;99.09489547;1;22.2272565;13.22510104;18.46580304
299;0.251657629;1;19.91405065;11.49416521;19.3974053;67.93796698;1;20.91964818;3.890975656;14.76781739
300;0.022699219;1;5.558803277;1.19002716;10.34290012;38.44483201;1;4.556713309;4.657975748;12.87285071
301;0.442331756;1;21.48589478;2.670166431;13.75979051;35.35229952;1;5.753401131;3.143692226;19.05845192
302;0.599487494;1;24.04582518;9.85661415;10.60125884;20.42946372;1;2.802929005;0.219081481;13.87641701
303;0.006641635;1;1.850579744;14.50998591;14.47034105;42.01985798;1;9.198390408;3.434757645;12.62018229
304;0.006308092;1;0.47304363;7.794364962;19.15894795;111.234954;1;25.86673199;13.09552911;11.69619723
305;1.345102106;1;28.14584671;10.32458363;18.46108474;57.03467327;1;9.53633893;8.048418408;16.74622314
306;0.32224353;1;19.54212135;1.920258006;16.66910889;87.04205771;1;16.76595041;13.87349804;19.56632614
307;0.015640752;1;5.150731823;6.99120726;19.86641555;77.87310216;1;24.51471421;4.184969376;12.82927887
308;0.132953073;1;15.65676332;5.033837854;14.13757016;30.04826279;1;0.621558249;4.424512909;17.76946027
309;0.67928163;1;23.760845;4.079835891;18.56301667;48.38012634;1;7.033024938;7.957614107;12.47756803
310;1.062899;1;27.24652044;13.16301917;18.42350173;48.0005602;1;7.031636944;6.806931628;13.81512975
311;0.034720738;1;8.848011894;5.88726499;18.86209633;63.61096593;1;17.61464749;4.870235048;13.54525074
312;0.15212876;1;16.96350089;12.20265931;11.99662812;24.37039625;1;0.743823464;2.142094241;14.63336751
313;0.662722688;1;23.99040696;4.03333648;12.18469217;68.79211404;1;27.25697352;1.82079851;10.45197223
314;0.132152302;1;15.66160014;4.94411776;11.06352733;58.84756205;1;18.26542223;2.339095316;13.89046336
315;0.320528719;1;21.43037703;14.77292171;17.66477903;110.2748783;1;27.47304919;11.53453051;14.77598231
316;0.032522242;1;9.249696827;12.32436;14.54762514;33.60053124;1;4.349343048;4.930328247;15.49530673
317;0.012398674;1;4.520718951;10.37730073;18.31457977;86.88726952;1;22.99790655;8.681274431;19.66899851
318;0.008473227;1;3.44242899;14.28665591;15.18231084;78.42291036;1;26.24203443;3.863872199;19.17434249
319;0.039685175;1;8.996324516;2.069505559;19.69542225;33.7104443;1;6.58964135;1.689590989;12.65484816
320;0.976932906;1;25.19743992;2.32064506;11.63707058;69.10717505;1;24.33659427;2.239097783;11.24297293
321;0.010346245;1;4.107163623;9.460416025;13.91994097;108.4146935;1;27.10304569;11.30130514;13.62485328
322;1.358417011;1;27.42547077;6.131456072;18.05800872;68.8908984;1;16.81646315;6.324008047;14.29682774
323;0.448018171;1;20.95417436;3.292253962;10.73548536;18.79097648;1;0.336296484;0.943301531;18.31660199
324;0.02016915;1;5.34404126;1.035694282;13.59538208;63.47401314;1;9.514855295;11.5098948;13.60706949
325;0.059476985;1;11.3564476;7.329338057;11.17456315;38.56546514;1;4.740303678;6.298849761;14.67382334
326;0.464920989;1;23.22617773;14.99648154;15.8378786;74.10509967;1;20.09123582;5.602810682;10.61028828
327;0.108467181;1;14.85102413;8.610324094;12.50155664;66.32693973;1;10.19582389;9.922596297;19.64618773
328;0.017125277;1;5.390076111;5.966815992;13.61263883;55.37714284;1;1.411924653;14.84321571;11.37154075
329;0.006920753;1;1.763678764;9.382794653;11.55129673;80.86849512;1;18.30501675;11.33055587;14.52964296
330;0.6564652;1;24.92240869;13.25098572;17.27586119;110.905908;1;27.19084679;13.61730446;11.5203493
331;0.259026016;1;19.61256683;8.937458902;15.66093323;76.01288479;1;20.47911189;5.393631666;15.26768858
332;0.052858497;1;12.55457466;14.59688186;12.06763724;87.55844206;1;28.5930988;7.345507761;10.67648125
333;1.536402381;1;28.03922334;5.895402501;15.42753889;76.54915073;1;13.30278604;10.41202505;14.23290932
334;0.704647597;1;23.98840568;6.568921809;11.69819709;69.08715709;1;12.74237485;6.663911476;11.23862288
335;0.014865293;1;4.134712152;0.693086473;19.72443306;32.35893811;1;6.569368697;1.615793402;17.42014812
336;0.037859112;1;9.413335961;5.312566512;13.51640246;88.34220096;1;28.1312809;5.286757008;11.79552012
337;0.046160616;1;11.33381183;5.464513673;11.5815518;98.73953841;1;23.10870136;12.36843763;11.56064406
338;1.424040038;1;27.70346527;5.416189008;15.32517742;49.17049482;1;14.65793257;2.38479435;17.13932887
339;0.010907676;1;3.593178517;8.883955835;12.73484123;74.14619959;1;25.16120518;2.295741675;12.72712783
340;2.501916414;1;29.68893145;0.04731423;18.53343152;97.52767413;1;24.28460771;11.40824353;12.78094565
341;0.68294504;1;24.04554536;6.043277752;18.6330141;75.83241973;1;7.965882432;14.31101861;17.28010249
342;0.18732621;1;17.04226964;4.716261865;14.85169567;27.38623794;1;1.283344296;4.24024361;15.1988934
343;0.01353355;1;5.073478846;12.60549496;19.05761456;76.81491792;1;25.56670604;3.164097966;10.76200152
344;0.049399506;1;9.170081432;0.440422918;15.40873901;61.13448405;1;20.26056899;1.026471133;13.33219392
345;0.664928749;1;23.99445297;5.966916924;17.20561312;95.51737093;1;25.58784391;10.38617142;14.83782261
346;0.092856232;1;13.59705657;3.288498404;16.91069095;43.87002199;1;8.457561987;4.653812681;15.17698117
347;0.019379704;1;5.784875317;7.39723046;12.37707367;76.82890899;1;21.247789;6.656290664;16.30053778
348;0.945317221;1;25.90032489;8.010870548;15.72267637;95.35493577;1;20.73487647;12.92287832;19.00039776
349;0.018853507;1;7.35016987;12.98484484;10.53500101;89.79462471;1;26.04469419;7.635299521;15.88724677
350;0.236983868;1;19.28970283;11.53512632;12.4946746;96.51640886;1;28.75139922;8.151319432;18.65911453
351;0.005165334;1;0.096026806;9.552583122;18.18786257;71.88202094;1;14.6847295;8.978135919;15.27013606
352;0.680203866;1;24.52737748;9.011248463;16.28453112;47.78495106;1;3.301654193;9.051893646;19.07449235
353;0.097244469;1;14.83847063;9.986173057;19.89721693;87.03276532;1;20.33550752;10.85778396;14.08943013
354;0.302553242;1;20.60679252;10.31627838;19.01722886;79.54601317;1;9.687092202;14.31685324;12.49848574
355;0.023022581;1;7.763391074;11.20917396;16.74048023;75.58836962;1;26.13878859;2.684669701;16.26852206
356;0.399937565;1;21.39360287;6.377815377;18.13158545;52.16669421;1;14.57671591;3.436104778;14.19658921
357;0.020413916;1;7.410912844;10.10636021;15.9245946;70.99961138;1;18.79808448;6.597144816;19.51477007
358;0.203552403;1;18.60463376;11.50092543;14.3801691;92.5424476;1;16.60984287;14.57167661;19.36478685
359;0.268392928;1;20.1628517;8.826928516;13.28614994;81.18452925;1;22.90397408;6.547569599;10.30903429
360;0.190554268;1;18.19842284;8.005769521;10.4032365;87.67159803;1;18.50652097;11.81213379;18.03629816
361;0.317903544;1;19.55493357;2.253895663;15.8275482;35.30296126;1;4.739628138;4.364635624;13.07305588
362;0.069874123;1;13.66620184;11.51360426;12.37553999;19.85550224;1;2.282478847;0.079017804;11.99706136
363;0.052590206;1;10.85477382;0.963680504;16.04273837;33.76390354;1;4.945841215;2.402831793;14.74124661
364;0.020346673;1;7.115626994;10.84777545;15.17578061;43.54521303;1;3.895503783;7.772119353;15.00366923
365;0.013883232;1;4.896600412;14.06148781;12.24809083;67.04233272;1;18.86620122;3.819066072;13.56632223
366;0.059310379;1;12.01964388;7.874090489;15.78767341;38.98056612;1;6.290200485;3.695283222;16.50411274
367;0.254489352;1;19.90586065;14.47705863;14.89191201;66.94085262;1;23.72746333;0.013872685;10.83554116
368;0.122093739;1;16.04764804;11.23681103;15.31202648;68.77999882;1;23.20586008;2.364965103;18.3726529
369;0.948310949;1;26.93966055;14.85641672;11.06479206;42.62915582;1;10.34884886;1.553812588;18.77039402
370;0.006553958;1;1.244940378;13.22370448;16.97162254;74.93953993;1;16.35140707;10.08244566;13.37217516
371;0.041484649;1;9.815945851;4.692732934;19.5402946;79.52764249;1;17.94732622;10.55046648;14.46206668
372;0.781877928;1;24.48264576;4.788158652;15.96297327;55.31219101;1;5.490197532;8.472604706;10.54203589
373;0.026429638;1;8.873112076;14.90032036;17.05802327;85.91971946;1;14.97473842;12.7693868;11.77452865
374;0.006304078;1;2.242255895;11.14210617;11.53577153;72.76409204;1;11.57000253;11.4869165;12.48979109
375;1.07881208;1;26.73191089;8.287688408;11.24393839;42.55945024;1;14.27169554;0.438643286;16.48207282
376;0.028274706;1;8.17500574;6.064167508;11.69405229;59.00898322;1;19.50961078;2.331737472;16.95876761
377;0.005477284;1;0.753636095;9.050764017;12.31930121;65.73119839;1;10.1288076;10.24711389;13.17264322
378;0.030953579;1;9.554570946;13.20351589;19.16631366;96.29010386;1;27.36448762;9.514470007;19.42715088
379;0.016186829;1;6.012966097;10.09489436;17.38083543;78.18057513;1;23.96421729;4.295227735;13.13825467
380;0.146465039;1;17.30181217;13.19062107;18.01872096;77.15014384;1;27.62025672;2.643071171;16.71737453
381;0.056872414;1;12.73484003;13.95843175;19.01513746;65.81948876;1;21.77316049;1.937877084;17.41766172
382;0.596506276;1;23.74713359;9.564774104;11.3320592;73.17988329;1;8.704382521;13.29784206;19.58248889
383;0.011760587;1;2.465095245;0.156347326;11.27077639;66.25877911;1;11.95089666;9.347046657;19.92122657
384;0.807011514;1;24.98492765;6.865245241;16.70366792;81.07388403;1;13.45765758;10.84887394;11.04062574
385;0.018284211;1;5.427668996;3.930683895;17.81791923;92.11086971;1;17.71285506;14.96856787;17.65905949
386;0.306213112;1;20.56228872;9.657637321;18.32198397;75.43235539;1;16.11819994;9.779927923;16.33191318
387;0.020617801;1;6.026748754;4.707318329;15.06185457;59.76286149;1;5.552505793;11.81061944;10.85259245
388;0.045876366;1;10.96956978;12.59702148;12.61818062;84.76623;1;16.06789612;12.26604576;12.2338027
389;0.170526847;1;17.4306528;9.018736352;18.12447474;65.73751666;1;9.661327649;12.70939259;10.29100555
390;0.007496615;1;1.36536754;2.914886449;18.26344178;84.85225302;1;20.13737012;10.18132249;12.20792345
391;0.506163568;1;23.54580831;12.8905695;19.3380697;64.00867007;1;21.00043257;1.299745732;10.98860431
392;0.194363449;1;17.42488533;3.278413508;17.04222523;109.6059114;1;27.51938616;12.89641816;18.82617516
393;1.064835137;1;27.02033962;10.4469438;15.80679364;88.70283071;1;23.01629083;8.271485075;16.75271515
394;0.015264367;1;4.698362723;5.16456225;18.30335347;57.23152162;1;17.89273619;2.45907311;15.07482231
395;0.20183364;1;18.87040843;13.7613011;12.03281763;49.37852741;1;3.417422127;8.854948764;14.04161529
396;0.049115156;1;10.06485089;1.961989012;14.62737884;62.00428943;1;9.646441347;12.26780402;13.32150834
397;0.062787889;1;12.9337382;9.349169049;12.94143699;89.6845807;1;17.44372541;13.99429315;16.8806998
398;0.082601232;1;14.11880188;8.222550997;14.03352472;84.55984622;1;15.19727867;11.40537687;10.00281977
399;0.053109135;1;11.53688734;7.526622028;12.89608981;90.1021055;1;10.99537851;14.65734193;15.93098714
400;1.726595991;1;27.7916;0.601208685;17.93658595;60.19807192;1;21.33610121;1.799922975;10.89746914
401;0.033705324;1;8.900970952;4.342744231;10.66904924;89.44189889;1;20.67494884;10.80244579;17.08168115
402;0.012902381;1;3.112478424;2.645721647;17.64106881;73.00567095;1;24.04657039;3.189122274;12.91189098
403;0.840893321;1;24.59328708;1.025144302;14.58175394;41.77525935;1;8.177512502;3.313118017;18.5546878
404;1.300943778;1;27.7775389;10.29492483;12.88856267;98.55635693;1;29.94360115;8.782307853;10.89224484
405;1.242545652;1;26.04208567;0.313102948;18.51855424;63.58351132;1;15.56463901;6.103103464;16.77353705
406;0.078952417;1;14.17587378;13.20616129;15.48403665;53.49748562;1;11.77019035;5.845144771;15.08166753
407;0.227621909;1;18.45448102;4.97874674;11.73980587;58.66405542;1;15.33640193;2.380100805;10.88267581
408;0.763435892;1;24.10682401;3.083101285;13.96051728;46.91538777;1;0.121979783;9.759875997;13.51495936
409;0.025594739;1;7.508931581;5.833153686;11.32482056;55.35374783;1;3.370809944;10.57203683;16.56223442
410;0.201851323;1;17.6505126;4.393583875;13.32815384;43.62857285;1;8.671404824;3.167760652;14.39965773
411;0.606437215;1;22.93243049;3.956079511;18.9023851;64.22049708;1;21.75330179;0.434458576;11.79655247
412;0.007506136;1;0.246224971;3.428233371;12.51980415;105.1426731;1;24.30145395;13.59924946;13.48909854
413;0.552936189;1;23.99371017;12.69163635;14.88178154;56.14594374;1;6.918672526;6.567384345;13.1733967
414;0.022032797;1;8.532901921;14.74135478;10.5509614;81.03831224;1;20.33749944;8.722940778;19.05793795
415;0.01070173;1;4.209814207;10.9751027;15.4113093;108.8077832;1;29.23644137;12.55063744;11.08675796
416;0.103466143;1;13.60646322;2.25020466;10.25761565;76.63855253;1;16.19598714;12.01009173;16.05827826
417;1.406558252;1;28.63952412;12.8757948;19.2298063;77.85383055;1;16.60758651;9.633495278;16.30864762
418;1.753457176;1;27.99287845;0.522409606;15.93653528;58.99842684;1;3.684647761;13.71353882;14.78841345
419;0.318933853;1;21.28827103;13.77414101;17.13166114;101.622341;1;28.97358139;8.283885374;16.5544252
420;0.083462583;1;12.69871168;3.48626692;11.33929876;62.92376546;1;17.32368254;2.977699233;15.26765352
421;0.285156858;1;20.09082492;9.188502983;18.72459082;27.09358205;1;0.061758889;4.479331652;19.00056164
422;2.207341896;1;29.11077781;1.199064542;17.99747867;64.79525826;1;12.01859664;7.78914574;14.77789749
423;0.006744473;1;1.418615375;3.66531904;15.68051927;73.03122743;1;29.89666223;0.455594732;11.48305023
424;0.033789511;1;10.191007;13.49878082;13.91714908;67.58347616;1;17.78760944;5.762547558;17.73604882
425;0.014285943;1;6.381235442;13.44307013;11.78234508;63.02394506;1;18.45238467;3.416965851;19.24905383
426;1.457142955;1;28.37423433;9.636954842;17.82698319;84.56306334;1;26.32061563;4.929000669;15.67318243
427;0.0064014;1;0.658073032;8.089580237;16.16011172;81.53933974;1;17.26526561;11.44614505;14.7947667
428;0.01150919;1;2.650401404;0.275934652;19.43473133;68.39391666;1;22.57635412;3.540754986;12.62071313
429;0.439560781;1;20.9666751;0.669985435;19.85869887;88.19563363;1;25.15869477;7.567761554;19.47346384
430;0.105509082;1;14.83816284;2.279585284;12.01523406;81.30058297;1;28.71377483;3.730733235;18.7992382
431;0.023475384;1;8.655545355;13.51799721;13.30568596;30.40412532;1;1.343188926;3.314220195;18.93093383
432;0.100232846;1;14.9212142;10.18483444;16.43968031;101.7471986;1;24.2969441;13.54557218;14.58993564
433;0.00681623;1;0.652501665;4.392624339;12.47120339;105.2423988;1;24.70677714;13.09586812;10.39125435
434;0.008305581;1;1.551497995;2.205670875;19.57364637;83.92037079;1;26.99420341;5.031863451;16.40794217
435;1.112265709;1;26.87571276;8.973663527;11.96473747;51.15874148;1;6.029957975;6.859352026;12.15815819
436;0.019013694;1;6.594471778;14.81646129;10.4275766;59.9026829;1;2.9538278;14.56459286;14.77538045
437;0.027498826;1;7.657861502;3.627397242;14.71887288;97.03589574;1;27.05948004;9.264586915;14.57098829
438;0.044435146;1;11.56804298;14.18806686;16.96044471;40.67630479;1;4.378672186;6.40162008;19.80947635
439;1.444877718;1;27.93816156;6.867705312;12.08016013;102.6671265;1;26.6118281;10.75678841;12.28668345
440;0.5057381;1;23.31201092;10.31695293;18.41730678;45.14205761;1;12.23533409;2.075607225;19.55951093
441;0.025844744;1;8.080544004;4.143584641;10.00469548;65.67394514;1;6.256773071;11.25096608;10.80571685
442;1.10218707;1;27.23332718;11.78150937;11.2539956;41.97619943;1;2.994469693;4.476449193;13.03609454
443;2.067973217;1;29.89918177;10.73487969;12.41484094;91.36404667;1;19.82019661;11.58579097;12.81970308
444;1.331438996;1;27.69782525;9.152652738;15.41772267;89.12763211;1;14.61621155;14.20266842;13.57928685
445;0.510749018;1;22.66323098;5.404986605;12.63933098;94.83225984;1;26.44237924;9.562490199;12.54892386
446;0.07343638;1;13.88341656;12.11048236;12.11074841;73.89350679;1;16.75122157;10.22852627;10.82185525
447;1.307462691;1;28.55054586;14.25061155;15.75556195;60.45428451;1;6.386339727;9.566505934;17.50355377
448;0.069003582;1;12.66910539;6.145178222;18.87810396;59.27614018;1;3.602994732;13.04108231;18.54204421
449;0.008817877;1;1.986614477;9.61033222;10.09479433;56.57990417;1;9.655305475;7.659066705;18.0227987
450;0.008025885;1;1.982878244;12.03679714;13.51970912;75.16061609;1;25.7563855;0.626862841;10.10433086
451;0.300103405;1;20.28149899;8.090771158;12.90269121;91.29958881;1;28.80759111;5.966001714;19.28828945
452;0.776075079;1;25.50943625;13.68407983;12.61090284;86.23847198;1;20.06304551;9.981917557;11.81063109
453;0.442278202;1;21.16969149;3.246390922;10.63361289;88.5879819;1;27.92190098;7.040641999;10.51231616
454;0.012192432;1;3.787814055;8.185895052;12.93188164;56.18857167;1;19.30695448;1.075248193;17.02133295
455;0.470934341;1;23.50757372;14.81191984;17.18514026;67.64608243;1;25.28425828;1.152012928;15.92076582
456;1.008492221;1;26.70052036;11.37156834;17.91373615;71.34373092;1;24.23967104;2.027914989;13.89507172
457;0.740182674;1;25.35514732;11.91305412;14.96569224;86.21573003;1;22.88442682;7.61040294;15.14483298
458;0.010884458;1;2.235968665;4.320609514;14.01127356;66.979543;1;11.49936788;9.773374022;16.40257749
459;0.027597252;1;7.857301303;4.902417711;15.83430385;83.27220877;1;23.48767404;7.393269053;15.65440808
460;0.005093472;1;1.185439902;3.501584429;14.44099374;30.56688024;1;0.252623269;5.494288387;10.07958414
461;0.706672492;1;25.12994457;12.49909846;19.36839851;50.06173979;1;7.965854835;9.253277105;10.91568186
462;0.303388527;1;20.17898537;7.863129547;10.91416049;70.09802207;1;21.68768976;3.763493429;16.79251863
463;0.005880248;1;1.096226466;11.20355785;10.32306495;41.41360592;1;5.853996933;5.302136805;19.06209041
464;0.083499743;1;13.65697085;7.818557363;18.65888726;33.42924131;1;8.323981503;0.853853038;18.75566286
465;0.266024805;1;20.85883406;14.43641145;14.95292065;47.00777666;1;7.494938832;10.34068358;11.40954292
466;0.013527945;1;3.452513774;0.662516006;17.03448525;90.21225084;1;26.38817741;7.607355437;16.90993602
467;0.022483851;1;8.422782908;13.08098898;16.69245211;91.70883004;1;20.77372021;11.97869439;12.2686652
468;2.33060608;1;29.68814031;2.602527678;14.70512158;64.24154717;1;9.345332736;9.000789399;17.14522335
469;0.129072716;1;16.22609925;10.58369318;18.96504146;48.70121315;1;13.68061557;3.686922176;11.22284451
470;0.431050987;1;22.21260129;10.09277673;14.62442921;64.81398256;1;20.3017008;2.318535639;12.38885043
471;1.6009109;1;28.94529008;10.63553272;15.16002231;43.71330813;1;1.692058831;8.883986296;19.93357866
472;1.461823381;1;27.99783433;6.425166344;14.83616381;46.5395465;1;7.177541368;5.896667481;14.84550003
473;0.711699831;1;24.23859308;6.296825116;17.14052261;44.33524211;1;11.86023069;1.827778708;14.95770584
474;0.016648329;1;5.347724757;6.673676851;13.2473327;79.06413728;1;19.9062941;8.29805547;10.73133914
475;0.03284864;1;8.739025102;3.896315158;18.34232148;64.09866887;1;11.56063174;9.043774819;17.36952363
476;0.181256095;1;18.77213896;12.98510222;10.16796757;39.36353316;1;4.914945289;4.557072785;18.05843455
477;0.216384498;1;18.78059563;11.82003001;12.9965726;75.51977587;1;17.13897306;8.487496201;16.7477015
478;0.183132747;1;16.79196074;0.437296227;15.50389462;72.80489629;1;7.028841111;14.74469608;14.13237709
479;0.004663783;1;0.636033285;3.740319607;11.36440414;76.32193636;1;10.90908858;13.45909169;12.98470503
480;0.156177236;1;16.42428441;4.319147361;19.88044274;71.25753417;1;22.66815627;1.890997802;11.5509302
481;0.291065943;1;20.63595798;13.13251757;12.86795441;69.94345351;1;21.79262028;3.994796922;19.65884979
482;0.179145248;1;16.89570735;1.499776138;10.52250266;93.67055618;1;23.46533392;10.81570433;16.97793502
483;0.008148661;1;1.991893896;7.951958561;18.54368448;56.99395279;1;0.168676616;13.9411429;18.22928176
484;0.509184461;1;23.57071199;13.35325004;16.85329791;50.42907111;1;3.139742408;9.004714511;16.6177073
485;0.021004321;1;6.143516705;8.458990854;14.71618011;61.20733928;1;13.99554364;5.305631747;12.53065311
486;0.813636333;1;24.14767026;0.365231474;14.78370498;39.32675;1;9.048882856;3.607146973;14.99523199
487;0.315197885;1;21.00588239;10.51558591;10.32276976;46.76881858;1;7.554671739;5.743527791;19.05948393
488;0.022252491;1;7.77590784;13.29482706;19.06157514;62.96834642;1;5.84239763;9.975219446;11.79186836
489;0.183128482;1;17.59889727;8.821773408;12.21577083;24.13060939;1;3.315045247;1.232750199;15.12820858
490;0.006937703;1;2.162671632;12.66603936;10.23296416;38.52926909;1;3.762409065;4.87024957;14.8455101
491;0.004271764;1;0.484510765;13.34326016;13.40175418;103.9924202;1;27.34604558;13.24153835;10.37777752
492;0.173313295;1;17.70897917;11.01018085;16.73580378;52.18603448;1;17.59314127;1.036964224;14.30712582
493;0.008813026;1;1.683363109;1.964441099;14.21791455;51.63586508;1;9.391519914;5.994264454;19.97776436
494;0.512378574;1;22.87361137;11.28987541;13.89222665;97.12529273;1;26.14608995;10.34180803;17.11895961
495;0.012543226;1;4.291665552;11.69895098;17.41487694;69.75903618;1;18.50410653;7.241488273;11.44793699
496;0.010204326;1;3.871166431;8.566408107;18.21129637;88.55005683;1;22.1533747;10.21653276;12.20424688
497;0.27427495;1;20.53631312;14.38912098;15.41109656;99.12394043;1;22.01445795;11.65713322;13.23033782
498;0.152158;1;16.63328468;7.28197071;18.05805296;27.47539528;1;5.196537492;2.479085476;13.96231098
499;0.20028202;1;17.89561525;9.168027823;12.2115225;42.15779577;1;1.604709062;9.449647689;12.0555993
500;0.376185589;1;20.26521771;5.80135234;11.62258092;76.29831797;1;15.28070704;10.30190234;19.44505558
